{
    "steps_trained": 29945,
    "total_time_sec": 6815.302110910416,
    "loss": 1.9239000082015991
}